"Program","Year","Period","Week Ending","Geo Level","State","State ANSI","Ag District","Ag District Code","County","County ANSI","Zip Code","Region","watershed_code","Watershed","Commodity","Data Item","Domain","Domain Category","Value","CV (%)"
"CENSUS","2017","YEAR","","COUNTY","CALIFORNIA","06","CENTRAL COAST","40","ALAMEDA","001","","","00000000","","CROP TOTALS","CROP TOTALS - OPERATIONS WITH SALES","TOTAL","NOT SPECIFIED","157","10.1"
"CENSUS","2017","YEAR","","COUNTY","CALIFORNIA","06","CENTRAL COAST","40","ALAMEDA","001","","","00000000","","CROP TOTALS","CROP TOTALS - SALES, MEASURED IN $","TOTAL","NOT SPECIFIED","35,752,000","9.3"
"CENSUS","2017","YEAR","","COUNTY","CALIFORNIA","06","CENTRAL COAST","40","CONTRA COSTA","013","","","00000000","","CROP TOTALS","CROP TOTALS - OPERATIONS WITH SALES","TOTAL","NOT SPECIFIED","244","10.1"
"CENSUS","2017","YEAR","","COUNTY","CALIFORNIA","06","CENTRAL COAST","40","CONTRA COSTA","013","","","00000000","","CROP TOTALS","CROP TOTALS - SALES, MEASURED IN $","TOTAL","NOT SPECIFIED","64,406,000","9.3"
"CENSUS","2017","YEAR","","COUNTY","CALIFORNIA","06","CENTRAL COAST","40","LAKE","033","","","00000000","","CROP TOTALS","CROP TOTALS - OPERATIONS WITH SALES","TOTAL","NOT SPECIFIED","438","10.1"
"CENSUS","2017","YEAR","","COUNTY","CALIFORNIA","06","CENTRAL COAST","40","LAKE","033","","","00000000","","CROP TOTALS","CROP TOTALS - SALES, MEASURED IN $","TOTAL","NOT SPECIFIED","69,361,000","9.3"
"CENSUS","2017","YEAR","","COUNTY","CALIFORNIA","06","CENTRAL COAST","40","MARIN","041","","","00000000","","CROP TOTALS","CROP TOTALS - OPERATIONS WITH SALES","TOTAL","NOT SPECIFIED","142","10.1"
"CENSUS","2017","YEAR","","COUNTY","CALIFORNIA","06","CENTRAL COAST","40","MARIN","041","","","00000000","","CROP TOTALS","CROP TOTALS - SALES, MEASURED IN $","TOTAL","NOT SPECIFIED","11,078,000","9.3"
"CENSUS","2017","YEAR","","COUNTY","CALIFORNIA","06","CENTRAL COAST","40","MONTEREY","053","","","00000000","","CROP TOTALS","CROP TOTALS - OPERATIONS WITH SALES","TOTAL","NOT SPECIFIED","657","10.1"
"CENSUS","2017","YEAR","","COUNTY","CALIFORNIA","06","CENTRAL COAST","40","MONTEREY","053","","","00000000","","CROP TOTALS","CROP TOTALS - SALES, MEASURED IN $","TOTAL","NOT SPECIFIED","4,077,795,000","9.3"
"CENSUS","2017","YEAR","","COUNTY","CALIFORNIA","06","CENTRAL COAST","40","NAPA","055","","","00000000","","CROP TOTALS","CROP TOTALS - OPERATIONS WITH SALES","TOTAL","NOT SPECIFIED","1,666","10.1"
"CENSUS","2017","YEAR","","COUNTY","CALIFORNIA","06","CENTRAL COAST","40","NAPA","055","","","00000000","","CROP TOTALS","CROP TOTALS - SALES, MEASURED IN $","TOTAL","NOT SPECIFIED","560,242,000","9.3"
"CENSUS","2017","YEAR","","COUNTY","CALIFORNIA","06","CENTRAL COAST","40","SAN BENITO","069","","","00000000","","CROP TOTALS","CROP TOTALS - OPERATIONS WITH SALES","TOTAL","NOT SPECIFIED","290","10.1"
"CENSUS","2017","YEAR","","COUNTY","CALIFORNIA","06","CENTRAL COAST","40","SAN BENITO","069","","","00000000","","CROP TOTALS","CROP TOTALS - SALES, MEASURED IN $","TOTAL","NOT SPECIFIED","130,203,000","9.3"
"CENSUS","2017","YEAR","","COUNTY","CALIFORNIA","06","CENTRAL COAST","40","SAN FRANCISCO","075","","","00000000","","CROP TOTALS","CROP TOTALS - OPERATIONS WITH SALES","TOTAL","NOT SPECIFIED","6","10.1"
"CENSUS","2017","YEAR","","COUNTY","CALIFORNIA","06","CENTRAL COAST","40","SAN FRANCISCO","075","","","00000000","","CROP TOTALS","CROP TOTALS - SALES, MEASURED IN $","TOTAL","NOT SPECIFIED"," (D)","(D)"
"CENSUS","2017","YEAR","","COUNTY","CALIFORNIA","06","CENTRAL COAST","40","SAN LUIS OBISPO","079","","","00000000","","CROP TOTALS","CROP TOTALS - OPERATIONS WITH SALES","TOTAL","NOT SPECIFIED","1,316","10.1"
"CENSUS","2017","YEAR","","COUNTY","CALIFORNIA","06","CENTRAL COAST","40","SAN LUIS OBISPO","079","","","00000000","","CROP TOTALS","CROP TOTALS - SALES, MEASURED IN $","TOTAL","NOT SPECIFIED","667,915,000","9.3"
"CENSUS","2017","YEAR","","COUNTY","CALIFORNIA","06","CENTRAL COAST","40","SAN MATEO","081","","","00000000","","CROP TOTALS","CROP TOTALS - OPERATIONS WITH SALES","TOTAL","NOT SPECIFIED","158","10.1"
"CENSUS","2017","YEAR","","COUNTY","CALIFORNIA","06","CENTRAL COAST","40","SAN MATEO","081","","","00000000","","CROP TOTALS","CROP TOTALS - SALES, MEASURED IN $","TOTAL","NOT SPECIFIED","78,021,000","9.3"
"CENSUS","2017","YEAR","","COUNTY","CALIFORNIA","06","CENTRAL COAST","40","SANTA CLARA","085","","","00000000","","CROP TOTALS","CROP TOTALS - OPERATIONS WITH SALES","TOTAL","NOT SPECIFIED","523","10.1"
"CENSUS","2017","YEAR","","COUNTY","CALIFORNIA","06","CENTRAL COAST","40","SANTA CLARA","085","","","00000000","","CROP TOTALS","CROP TOTALS - SALES, MEASURED IN $","TOTAL","NOT SPECIFIED","293,727,000","9.3"
"CENSUS","2017","YEAR","","COUNTY","CALIFORNIA","06","CENTRAL COAST","40","SANTA CRUZ","087","","","00000000","","CROP TOTALS","CROP TOTALS - OPERATIONS WITH SALES","TOTAL","NOT SPECIFIED","496","10.1"
"CENSUS","2017","YEAR","","COUNTY","CALIFORNIA","06","CENTRAL COAST","40","SANTA CRUZ","087","","","00000000","","CROP TOTALS","CROP TOTALS - SALES, MEASURED IN $","TOTAL","NOT SPECIFIED","598,445,000","9.3"
"CENSUS","2017","YEAR","","COUNTY","CALIFORNIA","06","CENTRAL COAST","40","SONOMA","097","","","00000000","","CROP TOTALS","CROP TOTALS - OPERATIONS WITH SALES","TOTAL","NOT SPECIFIED","2,519","10.1"
"CENSUS","2017","YEAR","","COUNTY","CALIFORNIA","06","CENTRAL COAST","40","SONOMA","097","","","00000000","","CROP TOTALS","CROP TOTALS - SALES, MEASURED IN $","TOTAL","NOT SPECIFIED","614,868,000","9.3"
"CENSUS","2017","YEAR","","COUNTY","CALIFORNIA","06","NORTHEAST","30","LASSEN","035","","","00000000","","CROP TOTALS","CROP TOTALS - OPERATIONS WITH SALES","TOTAL","NOT SPECIFIED","148","10.1"
"CENSUS","2017","YEAR","","COUNTY","CALIFORNIA","06","NORTHEAST","30","LASSEN","035","","","00000000","","CROP TOTALS","CROP TOTALS - SALES, MEASURED IN $","TOTAL","NOT SPECIFIED","20,676,000","9.3"
"CENSUS","2017","YEAR","","COUNTY","CALIFORNIA","06","NORTHEAST","30","MODOC","049","","","00000000","","CROP TOTALS","CROP TOTALS - OPERATIONS WITH SALES","TOTAL","NOT SPECIFIED","228","10.1"
"CENSUS","2017","YEAR","","COUNTY","CALIFORNIA","06","NORTHEAST","30","MODOC","049","","","00000000","","CROP TOTALS","CROP TOTALS - SALES, MEASURED IN $","TOTAL","NOT SPECIFIED","80,529,000","9.3"
"CENSUS","2017","YEAR","","COUNTY","CALIFORNIA","06","NORTHEAST","30","PLUMAS","063","","","00000000","","CROP TOTALS","CROP TOTALS - OPERATIONS WITH SALES","TOTAL","NOT SPECIFIED","41","10.1"
"CENSUS","2017","YEAR","","COUNTY","CALIFORNIA","06","NORTHEAST","30","PLUMAS","063","","","00000000","","CROP TOTALS","CROP TOTALS - SALES, MEASURED IN $","TOTAL","NOT SPECIFIED","3,365,000","9.3"
"CENSUS","2017","YEAR","","COUNTY","CALIFORNIA","06","NORTHERN COAST","10","DEL NORTE","015","","","00000000","","CROP TOTALS","CROP TOTALS - OPERATIONS WITH SALES","TOTAL","NOT SPECIFIED","29","10.1"
"CENSUS","2017","YEAR","","COUNTY","CALIFORNIA","06","NORTHERN COAST","10","DEL NORTE","015","","","00000000","","CROP TOTALS","CROP TOTALS - SALES, MEASURED IN $","TOTAL","NOT SPECIFIED","11,111,000","9.3"
"CENSUS","2017","YEAR","","COUNTY","CALIFORNIA","06","NORTHERN COAST","10","HUMBOLDT","023","","","00000000","","CROP TOTALS","CROP TOTALS - OPERATIONS WITH SALES","TOTAL","NOT SPECIFIED","318","10.1"
"CENSUS","2017","YEAR","","COUNTY","CALIFORNIA","06","NORTHERN COAST","10","HUMBOLDT","023","","","00000000","","CROP TOTALS","CROP TOTALS - SALES, MEASURED IN $","TOTAL","NOT SPECIFIED"," (D)","(D)"
"CENSUS","2017","YEAR","","COUNTY","CALIFORNIA","06","NORTHERN COAST","10","MENDOCINO","045","","","00000000","","CROP TOTALS","CROP TOTALS - OPERATIONS WITH SALES","TOTAL","NOT SPECIFIED","667","10.1"
"CENSUS","2017","YEAR","","COUNTY","CALIFORNIA","06","NORTHERN COAST","10","MENDOCINO","045","","","00000000","","CROP TOTALS","CROP TOTALS - SALES, MEASURED IN $","TOTAL","NOT SPECIFIED","149,847,000","9.3"
"CENSUS","2017","YEAR","","COUNTY","CALIFORNIA","06","SACRAMENTO VALLEY","50","BUTTE","007","","","00000000","","CROP TOTALS","CROP TOTALS - OPERATIONS WITH SALES","TOTAL","NOT SPECIFIED","1,324","10.1"
"CENSUS","2017","YEAR","","COUNTY","CALIFORNIA","06","SACRAMENTO VALLEY","50","BUTTE","007","","","00000000","","CROP TOTALS","CROP TOTALS - SALES, MEASURED IN $","TOTAL","NOT SPECIFIED","507,638,000","9.3"
"CENSUS","2017","YEAR","","COUNTY","CALIFORNIA","06","SACRAMENTO VALLEY","50","COLUSA","011","","","00000000","","CROP TOTALS","CROP TOTALS - OPERATIONS WITH SALES","TOTAL","NOT SPECIFIED","608","10.1"
"CENSUS","2017","YEAR","","COUNTY","CALIFORNIA","06","SACRAMENTO VALLEY","50","COLUSA","011","","","00000000","","CROP TOTALS","CROP TOTALS - SALES, MEASURED IN $","TOTAL","NOT SPECIFIED","544,843,000","9.3"
"CENSUS","2017","YEAR","","COUNTY","CALIFORNIA","06","SACRAMENTO VALLEY","50","GLENN","021","","","00000000","","CROP TOTALS","CROP TOTALS - OPERATIONS WITH SALES","TOTAL","NOT SPECIFIED","852","10.1"
"CENSUS","2017","YEAR","","COUNTY","CALIFORNIA","06","SACRAMENTO VALLEY","50","GLENN","021","","","00000000","","CROP TOTALS","CROP TOTALS - SALES, MEASURED IN $","TOTAL","NOT SPECIFIED","521,193,000","9.3"
"CENSUS","2017","YEAR","","COUNTY","CALIFORNIA","06","SACRAMENTO VALLEY","50","SACRAMENTO","067","","","00000000","","CROP TOTALS","CROP TOTALS - OPERATIONS WITH SALES","TOTAL","NOT SPECIFIED","491","10.1"
"CENSUS","2017","YEAR","","COUNTY","CALIFORNIA","06","SACRAMENTO VALLEY","50","SACRAMENTO","067","","","00000000","","CROP TOTALS","CROP TOTALS - SALES, MEASURED IN $","TOTAL","NOT SPECIFIED","301,953,000","9.3"
"CENSUS","2017","YEAR","","COUNTY","CALIFORNIA","06","SACRAMENTO VALLEY","50","SOLANO","095","","","00000000","","CROP TOTALS","CROP TOTALS - OPERATIONS WITH SALES","TOTAL","NOT SPECIFIED","471","10.1"
"CENSUS","2017","YEAR","","COUNTY","CALIFORNIA","06","SACRAMENTO VALLEY","50","SOLANO","095","","","00000000","","CROP TOTALS","CROP TOTALS - SALES, MEASURED IN $","TOTAL","NOT SPECIFIED","248,410,000","9.3"
"CENSUS","2017","YEAR","","COUNTY","CALIFORNIA","06","SACRAMENTO VALLEY","50","SUTTER","101","","","00000000","","CROP TOTALS","CROP TOTALS - OPERATIONS WITH SALES","TOTAL","NOT SPECIFIED","933","10.1"
"CENSUS","2017","YEAR","","COUNTY","CALIFORNIA","06","SACRAMENTO VALLEY","50","SUTTER","101","","","00000000","","CROP TOTALS","CROP TOTALS - SALES, MEASURED IN $","TOTAL","NOT SPECIFIED","408,224,000","9.3"
"CENSUS","2017","YEAR","","COUNTY","CALIFORNIA","06","SACRAMENTO VALLEY","50","TEHAMA","103","","","00000000","","CROP TOTALS","CROP TOTALS - OPERATIONS WITH SALES","TOTAL","NOT SPECIFIED","613","10.1"
"CENSUS","2017","YEAR","","COUNTY","CALIFORNIA","06","SACRAMENTO VALLEY","50","TEHAMA","103","","","00000000","","CROP TOTALS","CROP TOTALS - SALES, MEASURED IN $","TOTAL","NOT SPECIFIED","162,640,000","9.3"
"CENSUS","2017","YEAR","","COUNTY","CALIFORNIA","06","SACRAMENTO VALLEY","50","YOLO","113","","","00000000","","CROP TOTALS","CROP TOTALS - OPERATIONS WITH SALES","TOTAL","NOT SPECIFIED","639","10.1"
"CENSUS","2017","YEAR","","COUNTY","CALIFORNIA","06","SACRAMENTO VALLEY","50","YOLO","113","","","00000000","","CROP TOTALS","CROP TOTALS - SALES, MEASURED IN $","TOTAL","NOT SPECIFIED","555,211,000","9.3"
"CENSUS","2017","YEAR","","COUNTY","CALIFORNIA","06","SACRAMENTO VALLEY","50","YUBA","115","","","00000000","","CROP TOTALS","CROP TOTALS - OPERATIONS WITH SALES","TOTAL","NOT SPECIFIED","381","10.1"
"CENSUS","2017","YEAR","","COUNTY","CALIFORNIA","06","SACRAMENTO VALLEY","50","YUBA","115","","","00000000","","CROP TOTALS","CROP TOTALS - SALES, MEASURED IN $","TOTAL","NOT SPECIFIED","159,212,000","9.3"
"CENSUS","2017","YEAR","","COUNTY","CALIFORNIA","06","SAN JOAQUIN VALLEY","51","FRESNO","019","","","00000000","","CROP TOTALS","CROP TOTALS - OPERATIONS WITH SALES","TOTAL","NOT SPECIFIED","3,670","10.1"
"CENSUS","2017","YEAR","","COUNTY","CALIFORNIA","06","SAN JOAQUIN VALLEY","51","FRESNO","019","","","00000000","","CROP TOTALS","CROP TOTALS - SALES, MEASURED IN $","TOTAL","NOT SPECIFIED","4,083,741,000","9.3"
"CENSUS","2017","YEAR","","COUNTY","CALIFORNIA","06","SAN JOAQUIN VALLEY","51","KERN","029","","","00000000","","CROP TOTALS","CROP TOTALS - OPERATIONS WITH SALES","TOTAL","NOT SPECIFIED","944","10.1"
"CENSUS","2017","YEAR","","COUNTY","CALIFORNIA","06","SAN JOAQUIN VALLEY","51","KERN","029","","","00000000","","CROP TOTALS","CROP TOTALS - SALES, MEASURED IN $","TOTAL","NOT SPECIFIED","3,435,861,000","9.3"
"CENSUS","2017","YEAR","","COUNTY","CALIFORNIA","06","SAN JOAQUIN VALLEY","51","KINGS","031","","","00000000","","CROP TOTALS","CROP TOTALS - OPERATIONS WITH SALES","TOTAL","NOT SPECIFIED","640","10.1"
"CENSUS","2017","YEAR","","COUNTY","CALIFORNIA","06","SAN JOAQUIN VALLEY","51","KINGS","031","","","00000000","","CROP TOTALS","CROP TOTALS - SALES, MEASURED IN $","TOTAL","NOT SPECIFIED","825,626,000","9.3"
"CENSUS","2017","YEAR","","COUNTY","CALIFORNIA","06","SAN JOAQUIN VALLEY","51","MADERA","039","","","00000000","","CROP TOTALS","CROP TOTALS - OPERATIONS WITH SALES","TOTAL","NOT SPECIFIED","884","10.1"
"CENSUS","2017","YEAR","","COUNTY","CALIFORNIA","06","SAN JOAQUIN VALLEY","51","MADERA","039","","","00000000","","CROP TOTALS","CROP TOTALS - SALES, MEASURED IN $","TOTAL","NOT SPECIFIED","1,155,326,000","9.3"
"CENSUS","2017","YEAR","","COUNTY","CALIFORNIA","06","SAN JOAQUIN VALLEY","51","MERCED","047","","","00000000","","CROP TOTALS","CROP TOTALS - OPERATIONS WITH SALES","TOTAL","NOT SPECIFIED","1,568","10.1"
"CENSUS","2017","YEAR","","COUNTY","CALIFORNIA","06","SAN JOAQUIN VALLEY","51","MERCED","047","","","00000000","","CROP TOTALS","CROP TOTALS - SALES, MEASURED IN $","TOTAL","NOT SPECIFIED","1,290,175,000","9.3"
"CENSUS","2017","YEAR","","COUNTY","CALIFORNIA","06","SAN JOAQUIN VALLEY","51","SAN JOAQUIN","077","","","00000000","","CROP TOTALS","CROP TOTALS - OPERATIONS WITH SALES","TOTAL","NOT SPECIFIED","2,628","10.1"
"CENSUS","2017","YEAR","","COUNTY","CALIFORNIA","06","SAN JOAQUIN VALLEY","51","SAN JOAQUIN","077","","","00000000","","CROP TOTALS","CROP TOTALS - SALES, MEASURED IN $","TOTAL","NOT SPECIFIED","1,627,303,000","9.3"
"CENSUS","2017","YEAR","","COUNTY","CALIFORNIA","06","SAN JOAQUIN VALLEY","51","STANISLAUS","099","","","00000000","","CROP TOTALS","CROP TOTALS - OPERATIONS WITH SALES","TOTAL","NOT SPECIFIED","2,495","10.1"
"CENSUS","2017","YEAR","","COUNTY","CALIFORNIA","06","SAN JOAQUIN VALLEY","51","STANISLAUS","099","","","00000000","","CROP TOTALS","CROP TOTALS - SALES, MEASURED IN $","TOTAL","NOT SPECIFIED","1,339,470,000","9.3"
"CENSUS","2017","YEAR","","COUNTY","CALIFORNIA","06","SAN JOAQUIN VALLEY","51","TULARE","107","","","00000000","","CROP TOTALS","CROP TOTALS - OPERATIONS WITH SALES","TOTAL","NOT SPECIFIED","3,160","10.1"
"CENSUS","2017","YEAR","","COUNTY","CALIFORNIA","06","SAN JOAQUIN VALLEY","51","TULARE","107","","","00000000","","CROP TOTALS","CROP TOTALS - SALES, MEASURED IN $","TOTAL","NOT SPECIFIED","2,223,460,000","9.3"
"CENSUS","2017","YEAR","","COUNTY","CALIFORNIA","06","SIERRA MOUNTAINS","60","ALPINE","003","","","00000000","","CROP TOTALS","CROP TOTALS - OPERATIONS WITH SALES","TOTAL","NOT SPECIFIED","1","10.1"
"CENSUS","2017","YEAR","","COUNTY","CALIFORNIA","06","SIERRA MOUNTAINS","60","ALPINE","003","","","00000000","","CROP TOTALS","CROP TOTALS - SALES, MEASURED IN $","TOTAL","NOT SPECIFIED"," (D)","(D)"
"CENSUS","2017","YEAR","","COUNTY","CALIFORNIA","06","SIERRA MOUNTAINS","60","AMADOR","005","","","00000000","","CROP TOTALS","CROP TOTALS - OPERATIONS WITH SALES","TOTAL","NOT SPECIFIED","195","10.1"
"CENSUS","2017","YEAR","","COUNTY","CALIFORNIA","06","SIERRA MOUNTAINS","60","AMADOR","005","","","00000000","","CROP TOTALS","CROP TOTALS - SALES, MEASURED IN $","TOTAL","NOT SPECIFIED","23,202,000","9.3"
"CENSUS","2017","YEAR","","COUNTY","CALIFORNIA","06","SIERRA MOUNTAINS","60","CALAVERAS","009","","","00000000","","CROP TOTALS","CROP TOTALS - OPERATIONS WITH SALES","TOTAL","NOT SPECIFIED","221","10.1"
"CENSUS","2017","YEAR","","COUNTY","CALIFORNIA","06","SIERRA MOUNTAINS","60","CALAVERAS","009","","","00000000","","CROP TOTALS","CROP TOTALS - SALES, MEASURED IN $","TOTAL","NOT SPECIFIED","9,613,000","9.3"
"CENSUS","2017","YEAR","","COUNTY","CALIFORNIA","06","SIERRA MOUNTAINS","60","EL DORADO","017","","","00000000","","CROP TOTALS","CROP TOTALS - OPERATIONS WITH SALES","TOTAL","NOT SPECIFIED","712","10.1"
"CENSUS","2017","YEAR","","COUNTY","CALIFORNIA","06","SIERRA MOUNTAINS","60","EL DORADO","017","","","00000000","","CROP TOTALS","CROP TOTALS - SALES, MEASURED IN $","TOTAL","NOT SPECIFIED","21,352,000","9.3"
"CENSUS","2017","YEAR","","COUNTY","CALIFORNIA","06","SIERRA MOUNTAINS","60","INYO","027","","","00000000","","CROP TOTALS","CROP TOTALS - OPERATIONS WITH SALES","TOTAL","NOT SPECIFIED","21","10.1"
"CENSUS","2017","YEAR","","COUNTY","CALIFORNIA","06","SIERRA MOUNTAINS","60","INYO","027","","","00000000","","CROP TOTALS","CROP TOTALS - SALES, MEASURED IN $","TOTAL","NOT SPECIFIED","1,522,000","9.3"
"CENSUS","2017","YEAR","","COUNTY","CALIFORNIA","06","SIERRA MOUNTAINS","60","MARIPOSA","043","","","00000000","","CROP TOTALS","CROP TOTALS - OPERATIONS WITH SALES","TOTAL","NOT SPECIFIED","37","10.1"
"CENSUS","2017","YEAR","","COUNTY","CALIFORNIA","06","SIERRA MOUNTAINS","60","MARIPOSA","043","","","00000000","","CROP TOTALS","CROP TOTALS - SALES, MEASURED IN $","TOTAL","NOT SPECIFIED","1,894,000","9.3"
"CENSUS","2017","YEAR","","COUNTY","CALIFORNIA","06","SIERRA MOUNTAINS","60","MONO","051","","","00000000","","CROP TOTALS","CROP TOTALS - OPERATIONS WITH SALES","TOTAL","NOT SPECIFIED","22","10.1"
"CENSUS","2017","YEAR","","COUNTY","CALIFORNIA","06","SIERRA MOUNTAINS","60","MONO","051","","","00000000","","CROP TOTALS","CROP TOTALS - SALES, MEASURED IN $","TOTAL","NOT SPECIFIED","6,279,000","9.3"
"CENSUS","2017","YEAR","","COUNTY","CALIFORNIA","06","SIERRA MOUNTAINS","60","NEVADA","057","","","00000000","","CROP TOTALS","CROP TOTALS - OPERATIONS WITH SALES","TOTAL","NOT SPECIFIED","288","10.1"
"CENSUS","2017","YEAR","","COUNTY","CALIFORNIA","06","SIERRA MOUNTAINS","60","NEVADA","057","","","00000000","","CROP TOTALS","CROP TOTALS - SALES, MEASURED IN $","TOTAL","NOT SPECIFIED","6,798,000","9.3"
"CENSUS","2017","YEAR","","COUNTY","CALIFORNIA","06","SIERRA MOUNTAINS","60","PLACER","061","","","00000000","","CROP TOTALS","CROP TOTALS - OPERATIONS WITH SALES","TOTAL","NOT SPECIFIED","439","10.1"
"CENSUS","2017","YEAR","","COUNTY","CALIFORNIA","06","SIERRA MOUNTAINS","60","PLACER","061","","","00000000","","CROP TOTALS","CROP TOTALS - SALES, MEASURED IN $","TOTAL","NOT SPECIFIED","37,556,000","9.3"
"CENSUS","2017","YEAR","","COUNTY","CALIFORNIA","06","SIERRA MOUNTAINS","60","SIERRA","091","","","00000000","","CROP TOTALS","CROP TOTALS - OPERATIONS WITH SALES","TOTAL","NOT SPECIFIED","14","10.1"
"CENSUS","2017","YEAR","","COUNTY","CALIFORNIA","06","SIERRA MOUNTAINS","60","SIERRA","091","","","00000000","","CROP TOTALS","CROP TOTALS - SALES, MEASURED IN $","TOTAL","NOT SPECIFIED","692,000","9.3"
"CENSUS","2017","YEAR","","COUNTY","CALIFORNIA","06","SIERRA MOUNTAINS","60","TUOLUMNE","109","","","00000000","","CROP TOTALS","CROP TOTALS - OPERATIONS WITH SALES","TOTAL","NOT SPECIFIED","65","10.1"
"CENSUS","2017","YEAR","","COUNTY","CALIFORNIA","06","SIERRA MOUNTAINS","60","TUOLUMNE","109","","","00000000","","CROP TOTALS","CROP TOTALS - SALES, MEASURED IN $","TOTAL","NOT SPECIFIED","1,119,000","9.3"
"CENSUS","2017","YEAR","","COUNTY","CALIFORNIA","06","SISKIYOU-SHASTA","20","SHASTA","089","","","00000000","","CROP TOTALS","CROP TOTALS - OPERATIONS WITH SALES","TOTAL","NOT SPECIFIED","441","10.1"
"CENSUS","2017","YEAR","","COUNTY","CALIFORNIA","06","SISKIYOU-SHASTA","20","SHASTA","089","","","00000000","","CROP TOTALS","CROP TOTALS - SALES, MEASURED IN $","TOTAL","NOT SPECIFIED","21,771,000","9.3"
"CENSUS","2017","YEAR","","COUNTY","CALIFORNIA","06","SISKIYOU-SHASTA","20","SISKIYOU","093","","","00000000","","CROP TOTALS","CROP TOTALS - OPERATIONS WITH SALES","TOTAL","NOT SPECIFIED","298","10.1"
"CENSUS","2017","YEAR","","COUNTY","CALIFORNIA","06","SISKIYOU-SHASTA","20","SISKIYOU","093","","","00000000","","CROP TOTALS","CROP TOTALS - SALES, MEASURED IN $","TOTAL","NOT SPECIFIED","156,486,000","9.3"
"CENSUS","2017","YEAR","","COUNTY","CALIFORNIA","06","SISKIYOU-SHASTA","20","TRINITY","105","","","00000000","","CROP TOTALS","CROP TOTALS - OPERATIONS WITH SALES","TOTAL","NOT SPECIFIED","67","10.1"
"CENSUS","2017","YEAR","","COUNTY","CALIFORNIA","06","SISKIYOU-SHASTA","20","TRINITY","105","","","00000000","","CROP TOTALS","CROP TOTALS - SALES, MEASURED IN $","TOTAL","NOT SPECIFIED"," (D)","(D)"
"CENSUS","2017","YEAR","","COUNTY","CALIFORNIA","06","SOUTHERN CALIFORNIA","80","IMPERIAL","025","","","00000000","","CROP TOTALS","CROP TOTALS - OPERATIONS WITH SALES","TOTAL","NOT SPECIFIED","323","10.1"
"CENSUS","2017","YEAR","","COUNTY","CALIFORNIA","06","SOUTHERN CALIFORNIA","80","IMPERIAL","025","","","00000000","","CROP TOTALS","CROP TOTALS - SALES, MEASURED IN $","TOTAL","NOT SPECIFIED","1,222,570,000","9.3"
"CENSUS","2017","YEAR","","COUNTY","CALIFORNIA","06","SOUTHERN CALIFORNIA","80","LOS ANGELES","037","","","00000000","","CROP TOTALS","CROP TOTALS - OPERATIONS WITH SALES","TOTAL","NOT SPECIFIED","493","10.1"
"CENSUS","2017","YEAR","","COUNTY","CALIFORNIA","06","SOUTHERN CALIFORNIA","80","LOS ANGELES","037","","","00000000","","CROP TOTALS","CROP TOTALS - SALES, MEASURED IN $","TOTAL","NOT SPECIFIED","133,773,000","9.3"
"CENSUS","2017","YEAR","","COUNTY","CALIFORNIA","06","SOUTHERN CALIFORNIA","80","ORANGE","059","","","00000000","","CROP TOTALS","CROP TOTALS - OPERATIONS WITH SALES","TOTAL","NOT SPECIFIED","140","10.1"
"CENSUS","2017","YEAR","","COUNTY","CALIFORNIA","06","SOUTHERN CALIFORNIA","80","ORANGE","059","","","00000000","","CROP TOTALS","CROP TOTALS - SALES, MEASURED IN $","TOTAL","NOT SPECIFIED","82,070,000","9.3"
"CENSUS","2017","YEAR","","COUNTY","CALIFORNIA","06","SOUTHERN CALIFORNIA","80","RIVERSIDE","065","","","00000000","","CROP TOTALS","CROP TOTALS - OPERATIONS WITH SALES","TOTAL","NOT SPECIFIED","1,737","10.1"
"CENSUS","2017","YEAR","","COUNTY","CALIFORNIA","06","SOUTHERN CALIFORNIA","80","RIVERSIDE","065","","","00000000","","CROP TOTALS","CROP TOTALS - SALES, MEASURED IN $","TOTAL","NOT SPECIFIED","707,083,000","9.3"
"CENSUS","2017","YEAR","","COUNTY","CALIFORNIA","06","SOUTHERN CALIFORNIA","80","SAN BERNARDINO","071","","","00000000","","CROP TOTALS","CROP TOTALS - OPERATIONS WITH SALES","TOTAL","NOT SPECIFIED","564","10.1"
"CENSUS","2017","YEAR","","COUNTY","CALIFORNIA","06","SOUTHERN CALIFORNIA","80","SAN BERNARDINO","071","","","00000000","","CROP TOTALS","CROP TOTALS - SALES, MEASURED IN $","TOTAL","NOT SPECIFIED","94,144,000","9.3"
"CENSUS","2017","YEAR","","COUNTY","CALIFORNIA","06","SOUTHERN CALIFORNIA","80","SAN DIEGO","073","","","00000000","","CROP TOTALS","CROP TOTALS - OPERATIONS WITH SALES","TOTAL","NOT SPECIFIED","3,938","10.1"
"CENSUS","2017","YEAR","","COUNTY","CALIFORNIA","06","SOUTHERN CALIFORNIA","80","SAN DIEGO","073","","","00000000","","CROP TOTALS","CROP TOTALS - SALES, MEASURED IN $","TOTAL","NOT SPECIFIED","777,747,000","9.3"
"CENSUS","2017","YEAR","","COUNTY","CALIFORNIA","06","SOUTHERN CALIFORNIA","80","SANTA BARBARA","083","","","00000000","","CROP TOTALS","CROP TOTALS - OPERATIONS WITH SALES","TOTAL","NOT SPECIFIED","1,105","10.1"
"CENSUS","2017","YEAR","","COUNTY","CALIFORNIA","06","SOUTHERN CALIFORNIA","80","SANTA BARBARA","083","","","00000000","","CROP TOTALS","CROP TOTALS - SALES, MEASURED IN $","TOTAL","NOT SPECIFIED","1,489,364,000","9.3"
"CENSUS","2017","YEAR","","COUNTY","CALIFORNIA","06","SOUTHERN CALIFORNIA","80","VENTURA","111","","","00000000","","CROP TOTALS","CROP TOTALS - OPERATIONS WITH SALES","TOTAL","NOT SPECIFIED","1,796","10.1"
"CENSUS","2017","YEAR","","COUNTY","CALIFORNIA","06","SOUTHERN CALIFORNIA","80","VENTURA","111","","","00000000","","CROP TOTALS","CROP TOTALS - SALES, MEASURED IN $","TOTAL","NOT SPECIFIED","1,620,611,000","9.3"
